Movie ID,Title,Release Year,Genre,Box Office Gross ($),Production Budget ($),Lead Actor,Director
001,Expect local friend,2015,Thriller,480341423.0,56026676,Tracy Keith,William Holder
001,Expect local friend,2015,Thriller,480341423.0,56026676,Tracy Keith,William Holder
002,Director case discuss,2018,Romance,1206264595.0,293563230,Sarah Mcconnell,Brandon Gallagher
003,Base,2021,Drama,463382781.0,181707823,David Holland,Joshua Martin
004,Plan themselves glass,2022,Romance,1981614224.0,297374558,Jason Lopez,Derek Bradford
005,Understand near,2015,Thriller,622455910.0,125978655,David Holland,Clinton Harris
006,Above actually several sound,2020,Comedy,1508147647.0,39333930,Christina Reynolds,Brittany Webster
007,Parent dream,2023,Comedy,1811010706.0,31031457,Victoria Cherry,Andrea Anderson
008,Break morning,2020,Comedy,850613032.0,247344213,Anthony James MD,Kristen Wilson
009,Mrs view type,2021,Romance,471987740.0,75266288,Andrew Bennett,Mark Gross
010,Sea yourself style,2021,Romance,820521169.0,252282368,Angela Parker,Brandon Gallagher
011,Ball before,2023,Horror,1377454985.0,158571681,Kimberly Lopez,
012,See strong ground,2023,Horror,1960853367.0,161226325,Chad Perkins,Diane Meza
013,Necessary because,2023,Action,1050272770.0,?,Catherine Bush,Brittany Webster
014,Church herself push house,2016,Thriller,149632740.0,286994444,Anthony James MD,Kristen Wilson
015,Interest hear management,2021,Comedy,1622919657.0,108992155,Ann Grimes,Craig Parks
016,Case tax,2022,Action,138494574.0,298384352,Thomas Lee,
017,Movement food,2016,Action,153165001.0,150506343,Craig Arnold,Matthew Vega
018,Do since,2022,Comedy,1735086606.0,51640778,Amy Gonzalez,Sara Thompson
019,Nothing blood,2016,Action,729646787.0,59663364,John Kelly,Mr. Brent Bryan
020,Rich impact,2018,Horror,952616026.0,296453652,Ricky Alvarado,Brandon Gallagher
021,Go idea,2018,Comedy,1034709343.0,216306864,Christina Reynolds,Nancy Burns
022,Of appear threat,2022,Drama,1569748219.0,299375846,Karen Williams,Rachel Hunt
023,Full moment rule,2023,Action,123761493.0,?,Gerald Johnson,Christina Simmons
024,Husband before need,2016,Thriller,868101399.0,133185858,Victoria Cherry,Sara Thompson
025,Level energy respond,2020,Drama,1539010182.0,143600706,Veronica Wallace,Michelle Jones
026,Body central,2016,Action,1210019634.0,40331548,Chad Perkins,Joshua Martin
027,Bank soon hair explain,2020,Drama,1791453657.0,163412652,Ricky Alvarado,Catherine Good
028,Under southern recent stock,2016,Comedy,1911643499.0,298009682,Meghan Harding,Janet Miller
029,All knowledge rate general,2019,Romance,1945195299.0,28272449,Amy Gonzalez,John Davis
029,All knowledge rate general,2019,Romance,1945195299.0,28272449,Amy Gonzalez,John Davis
030,End include particularly,2019,Comedy,1185724684.0,6191380,Mike Haas,Terry Harrell
030,End include particularly,2019,Comedy,1185724684.0,6191380,Mike Haas,Terry Harrell
031,Mouth person beyond,2023,Comedy,90826799.0,22418396,Craig Arnold,Catherine Good
032,Total maybe may,2021,Romance,1989062668.0,88242470,Bryan Livingston,Justin Cameron
033,Require by,2021,Horror,1579524038.0,144240225,Mike Haas,John Davis
034,Cultural war,2022,Drama,1708991443.0,120681170,,Mary Wilson
035,Effect after decide,2019,Drama,859302799.0,288878628,Raymond Reynolds,Jennifer White
036,Memory identify situation,2019,Action,934218566.0,169404227,Chad Perkins,Denise Marsh
037,Think play score,20a8,Action,1732968896.0,106782431,Deborah Ali,Mary Wilson
038,Management five,2016,Thriller,1090037295.0,220254274,Mike Haas,Mr. Brent Bryan
039,Everyone apply nature,2021,Thriller,374720866.0,162571235,Mercedes Johnson,Alicia Russell
040,Step,2020,Sci-Fi,1451898447.0,255039896,Patricia Collins,Michele Lucas MD
041,Air two,2020,Action,1614056866.0,167655180,John Kelly,John Davis
042,Occur card second,2016,Sci-Fi,1353410862.0,207146870,Andrew Park,Angela Pierce
042,Occur card second,2016,Sci-Fi,1353410862.0,207146870,Andrew Park,Angela Pierce
043,Free difference,2016,Horror,378713767.0,279076450,Angela Parker,Mark Gross
044,Can pay trade,2023,Romance,1622887049.0,272000712,Angela Parker,Sheryl Davis
045,Nor second,2019,Horror,1370367511.0,280870706,Andrew Park,Chad Porter
046,In well,2020,Drama,174039205.0,125157563,Alyssa Clark,Chad Porter
047,Us senior image,2022,Sci-Fi,1789620167.0,11486136,Joseph Davila,Brenda Morgan
047,Us senior image,2022,Sci-Fi,1789620167.0,11486136,Joseph Davila,Brenda Morgan
048,Live the,2021,Horror,1795713657.0,294202548,Thomas Lee,Amanda Olson
049,Model however,20a7,Thriller,869263439.0,251928175,Susan Molina,Andrea Anderson
050,Ask,2016,Thriller,1862549105.0,27996357,Amanda Frey,Richard Brooks
051,Check bit,2019,Horror,906303576.0,44973073,Patricia Collins,Joshua Martin
052,Notice herself,2015,Horror,,11941438,Andrew Park,Catherine Good
053,Perhaps make statement,2022,Thriller,793196355.0,62489365,Christina Reynolds,Marvin Lee
054,Body radio store,2021,Sci-Fi,426909956.0,?,Jason Lopez,Angela Pierce
055,Less industry recently national,2016,Horror,1681696611.0,?,Veronica Wallace,Christina Simmons
056,Wish here,20a8,Horror,931984408.0,247820682,Amy Gonzalez,Heather Brewer
057,Situation professor,2023,Horror,936389095.0,145093758,Andrew Park,Michele Lucas MD
058,Night trial,2022,Romance,814873333.0,266378780,Bryan Livingston,Joshua Martin
059,Head most,2019,Romance,,46963108,Leslie Durham,Holly Long
060,Factor day,2022,Sci-Fi,200830551.0,218111200,Catherine Bush,Derek Bradford
061,Term community,2021,Thriller,756507348.0,146447148,Thomas Lee,Jennifer Kim
062,Worry safe,2017,Comedy,1040808545.0,282662274,Nathan Mendez,Rachel Hunt
063,Mind trial board,2015,Thriller,590079101.0,?,Meghan Harding,Mr. Brent Bryan
064,Strong art quite,2016,Horror,,258007733,Bryan Livingston,Jennifer White
065,Center eye,2016,Sci-Fi,1240143491.0,29781152,Julie Jackson,Michele Lucas MD
066,Social four in,2021,Romance,1329043297.0,281553993,Sarah Mcconnell,Carmen Kelly
067,Happen film,2015,Romance,214102467.0,112555281,Laurie Austin,Sheryl Davis
068,Single painting,2017,Action,1481413235.0,157368642,,Rachel Hunt
069,Short change part,2018,Drama,1343301844.0,107203382,Tracy Keith,Diane Meza
070,Best determine,2016,Action,661591329.0,155946631,Kimberly Lopez,Angela Pierce
071,Thank white impact,2023,Sci-Fi,1285273955.0,?,Amanda Frey,Justin Cameron
072,Foot process send,2015,Horror,579770519.0,95054807,Ricky Alvarado,Amanda Olson
073,Decade energy whose,2022,Action,877920863.0,57156632,Michael Davis,Matthew Holmes
074,Day environmental them,2023,Action,676420449.0,63234934,Ann Grimes,Brandon Gallagher
075,Drop south similar live,2021,Action,777915262.0,268626444,Joseph Davila,Amanda Olson
076,Person worry wall,2022,Thriller,62996648.0,129471847,Catherine Bush,Kristen Wilson
077,Eye,2016,Sci-Fi,1391945961.0,268563311,Meghan Harding,Amanda Olson
078,South discuss difference concern,2022,Comedy,311616256.0,273859750,Anthony James MD,Amanda Olson
079,Weight effect enjoy,2020,Horror,1763116584.0,?,Matthew Lyons,Catherine Good
080,New spring during,2023,Sci-Fi,1186233628.0,203513106,Amanda Frey,Angela Pierce
081,Keep art situation,2021,Action,1016708756.0,205671914,Veronica Wallace,Craig Parks
082,Right him author,2015,Comedy,1268402823.0,54882832,Sarah Mcconnell,Michelle Jones
082,Right him author,2015,Comedy,1268402823.0,54882832,Sarah Mcconnell,Michelle Jones
083,Require nation skin,2017,Action,570132088.0,214397234,Michael Davis,Terry Harrell
084,Region Democrat add,2022,Horror,1326984102.0,?,Meghan Harding,Christina Vaughn
085,Although wish visit,2016,Sci-Fi,644098499.0,25691212,Glen Peterson,Derek Bradford
086,Scientist conference technology,2021,Romance,387669226.0,43395809,David Holland,Brittany Webster
087,Certainly price,2018,Sci-Fi,987920128.0,6045206,Kimberly Lopez,Denise Mccormick
088,Different apply,2020,Romance,912196508.0,246261856,John Kelly,Brenda Morgan
089,Check seven improve,2020,Romance,1502690396.0,213496591,Julie Jackson,Jennifer Duncan
090,Important,20a9,Thriller,1942658691.0,124543871,Tiffany Lee,Jennifer Kim
091,Against difference brother,2017,Thriller,1348456028.0,166857076,Victoria Cherry,Matthew Vega
092,Argue imagine,2020,Thriller,432203546.0,290592333,Richard Everett,Amanda Olson
093,Adult process experience,2022,Horror,1870163240.0,62831266,Deborah Ali,James Kelly
094,Power finally apply game,2021,Horror,786495949.0,?,Laurie Austin,Michelle Jones
095,Factor open,2019,Romance,1372274104.0,59167870,David Peters,
096,Series everybody,2018,Thriller,1770215900.0,163237112,Patrick Simmons,John Davis
097,American dark,2016,Comedy,292336327.0,200185291,Patricia Collins,Terry Harrell
098,Chair production,2017,Sci-Fi,1791342261.0,220105546,Samantha Jacobs DDS,
099,Audience article,2018,Horror,1473487158.0,193561555,Samantha Jacobs DDS,Mark Gross
100,Each here system,2016,Thriller,1374300583.0,12466197,Michael Davis,Mr. Brent Bryan
101,Senior son blue,2023,Comedy,1747017977.0,177394064,James Lynch,
102,Stock identify big,2017,Romance,375729715.0,14840614,Tiffany Lee,Brittany Webster
103,Since would price,20a7,Action,905005919.0,35122460,Raymond Thompson,Carmen Kelly
104,Enough great point,2015,Thriller,1862827317.0,162936551,Raymond Reynolds,Brenda Morgan
105,At consider,2016,Sci-Fi,953542850.0,?,James Lynch,Mr. Brent Bryan
106,Ready pass nation,2023,Thriller,1283889237.0,244586610,Amy Gonzalez,Angela Pierce
107,Culture teacher within dark,2023,Thriller,924568161.0,123671554,Kimberly Lopez,Matthew Vega
108,Ground affect nation increase,2019,Drama,1475936930.0,37041922,Andrew Bennett,Marvin Lee
109,Though work make,2017,Romance,1206997641.0,66622420,Veronica Wallace,William Holder
110,Risk,2019,Romance,223480518.0,115213276,David Peters,Marvin Lee
111,Interest effect stop,2016,Horror,486672952.0,299897383,,Angela Pierce
112,Indicate,2019,Drama,390565468.0,216169459,Patricia Collins,Justin Cameron
113,Many great,2021,Sci-Fi,339033841.0,175151736,Julie Jackson,Melissa Landry
114,Program act staff,2015,Thriller,952577861.0,261737643,Leslie Durham,Holly Long
115,Before,2016,Drama,1274746096.0,166581400,,Jennifer Martinez
116,Collection,2018,Horror,549723966.0,65416106,,Steven Hudson
117,Cup case street,2018,Romance,1435622527.0,39695236,Patricia Collins,
117,Cup case street,2018,Romance,1435622527.0,39695236,Patricia Collins,
118,Stuff world,2020,Romance,869491524.0,225247736,Ann Grimes,
119,Finally television reflect,2022,Horror,778072740.0,?,Andrew Park,Andrea Anderson
120,Simple natural memory,2019,Thriller,716259422.0,42005865,Patrick Simmons,Jennifer Kim
121,Southern newspaper page,2017,Comedy,550687573.0,83071341,Ricky Alvarado,Jennifer Duncan
122,New medical truth,2022,Thriller,1213236877.0,174521100,Jason Lopez,Richard Martinez
123,Administration,2019,Horror,121628710.0,40830807,Sarah Mcconnell,
124,Exist clearly some,2016,Romance,826669838.0,298596333,Patricia Collins,Richard Martinez
125,Recently experience,2018,Drama,1077678089.0,34218191,Michael Davis,Michele Lucas MD
126,Daughter church us,2018,Thriller,944651112.0,86226223,Meghan Harding,Jennifer Duncan
127,Own grow,2020,Action,1199216879.0,153550247,Veronica Wallace,Jennifer Martinez
128,Mother our,2017,Drama,1409866777.0,211430840,Daniel Evans,Jason Day
129,His why,2020,Horror,1510317800.0,283605273,Veronica Wallace,Derek Bradford
129,His why,2020,Horror,1510317800.0,283605273,Veronica Wallace,Derek Bradford
130,Give name,2018,Drama,1045258855.0,74854839,Meghan Harding,Marvin Lee
131,Wonder training,2023,Action,1883039138.0,71356419,Alyssa Clark,Angela Pierce
132,Energy onto clear,2017,Thriller,883312155.0,128523053,Susan Molina,Christina Vaughn
133,State understand,2018,Drama,1685422271.0,105161642,Julie Jackson,Michelle Jones
134,Blood may,2023,Romance,349017279.0,75302145,Glen Peterson,Derek Bradford
135,Full price,2023,Horror,181120452.0,147453713,Chad Perkins,William Holder
136,Would minute worker,2022,Drama,891984332.0,?,Andrew Park,Michele Lucas MD
137,Blue federal,20a5,Horror,721030551.0,74873219,,Brenda Morgan
138,Perhaps,2022,Sci-Fi,1946314147.0,?,Alyssa Clark,Matthew Vega
139,Indeed attack today spring,2019,Comedy,103541155.0,246411006,Karen Williams,Justin Cameron
140,Professional media company,2017,Drama,1321293529.0,224643027,Veronica Wallace,Derek Bradford
141,Interest recent,2023,Horror,1191032268.0,?,Victoria Cherry,Derek Bradford
142,Safe start,20a5,Drama,1412120948.0,179519568,Tiffany Lee,Craig Parks
143,Sister,2022,Thriller,392439009.0,34876842,Kimberly Lopez,
144,Week purpose environmental,2015,Drama,1107777827.0,292537385,Victoria Cherry,Jennifer Kim
145,Dark member case major,2015,Horror,587728204.0,198578788,Ann Grimes,Nancy Burns
146,New professor general,2022,Drama,1116136402.0,45351715,Andrew Bennett,Steven Hudson
147,Professional PM,2016,Drama,659194845.0,229769325,Sarah Mcconnell,John Davis
148,Reach build part,2021,Drama,1700685681.0,41287419,Ann Grimes,Christina Vaughn
149,Each data,2017,Horror,1678854683.0,68769228,Raymond Thompson,Derek Bradford
150,Republican news among,2017,Thriller,797640220.0,42277550,Gerald Johnson,Richard Brooks
151,Sure away,2016,Action,1072688748.0,64222455,Laurie Austin,Alicia Russell
152,War must,2022,Comedy,1832430519.0,?,Daniel Evans,Michele Lucas MD
153,Single beautiful tough,2020,Thriller,140455607.0,156887060,Christina Reynolds,Angela Pierce
154,Leg news,2023,Comedy,432602055.0,128096770,Raymond Reynolds,Denise Marsh
155,Explain,2023,Comedy,186146340.0,?,Daniel Evans,Heather Brewer
156,Painting young sell,2016,Comedy,1380411620.0,?,Gerald Johnson,Jennifer Duncan
157,Action three,2017,Sci-Fi,1865470275.0,?,Alyssa Clark,Sheryl Davis
158,Would behind pick,2020,Romance,1817628810.0,?,Angela Parker,Clinton Harris
159,Eight meeting,2023,Thriller,1247928879.0,182258135,Julie Jackson,
160,Age message board,2019,Thriller,1229655290.0,17259618,Jason Lopez,Craig Parks
161,Hundred wear hair,2021,Drama,1479786384.0,?,David Peters,Mary Wilson
162,Financial machine board sell,2020,Thriller,742677621.0,71204542,Chad Perkins,Richard Brooks
163,College vote scene size,2022,Comedy,109674039.0,207238868,Leslie Durham,Sheryl Davis
164,Arm call,2020,Comedy,1071017089.0,251619459,Catherine Bush,Michele Lucas MD
165,Point strong account,2018,Comedy,105492551.0,?,Ricky Alvarado,Rachel Hunt
166,Pay million design,2021,Comedy,1563311679.0,217495383,Ann Grimes,Kristen Wilson
167,Adult remember,2016,Sci-Fi,1642545343.0,64786181,Nathan Mendez,Mary Wilson
168,Yeah education check,2017,Comedy,862972197.0,25322054,,Brenda Morgan
169,Big hour western,2023,Comedy,1317553772.0,211965885,Patricia Collins,Carmen Kelly
170,Final dog,2023,Sci-Fi,644795342.0,9931899,Melanie Gonzalez,Sara Thompson
171,Activity apply,2015,Romance,1408870888.0,123161339,Matthew Lyons,Heather Brewer
172,Yeah leave herself,2021,Comedy,521113159.0,?,Patrick Simmons,Richard Martinez
173,Customer pattern message,2018,Sci-Fi,1314139130.0,34437011,Gerald Johnson,Richard Brooks
174,Answer standard,2021,Drama,988119910.0,184785417,Melanie Gonzalez,Matthew Vega
175,Beat catch strong,2019,Romance,530395816.0,161255518,Catherine Bush,Janet Miller
176,Foreign support mouth,2020,Sci-Fi,1709119990.0,155505744,Melanie Gonzalez,Andrea Anderson
177,While arrive,2017,Drama,,43428604,Sarah Mcconnell,Christina Vaughn
178,Build stage,2023,Drama,1496016484.0,59640574,Matthew Lyons,Melissa Landry
179,Hot mother management,2018,Action,710300149.0,54979634,Anthony James MD,
180,Compare yes,2021,Thriller,1887348830.0,108082108,Meghan Harding,Craig Parks
181,Right very,2018,Romance,1827076420.0,94987187,Bryan Livingston,John Davis
182,Major near,2022,Comedy,1874229983.0,21114503,,Marvin Lee
183,Film wide he,2022,Thriller,1061668842.0,73048045,Kimberly Lopez,Mark Gross
184,Rise nor back,2019,Thriller,1582874880.0,159389940,Joseph Davila,Emily Rios
185,Hotel act south,2021,Romance,861782847.0,100203651,David Peters,Brittany Webster
185,Hotel act south,2021,Romance,861782847.0,100203651,David Peters,Brittany Webster
186,Try rest,2022,Horror,708864947.0,7139513,Richard Everett,Melissa Landry
187,Project season western,2017,Sci-Fi,1983355058.0,167955012,Jason Lopez,Rachel Hunt
188,Thank today live,2017,Sci-Fi,1606748335.0,201588309,Angela Parker,Holly Long
189,Western course write,2018,Horror,1621790834.0,44953786,Gerald Johnson,Chad Porter
190,Police air,2023,Romance,1153468919.0,177156812,Sarah Mcconnell,Alicia Russell
191,Past determine,2023,Sci-Fi,974738458.0,224029369,Glen Peterson,Denise Mccormick
192,Meet professor answer,2021,Drama,1602602940.0,40207429,,Chad Porter
193,Ground security compare,2016,Sci-Fi,,73707818,Jason Nielsen,Sara Thompson
194,Attorney south state,2022,Horror,811667242.0,290534625,Tiffany Lee,Terry Harrell
195,Drug nor occur teacher,2018,Horror,,?,Melanie Gonzalez,William Holder
196,Music wall,2018,Sci-Fi,592953290.0,61583007,,Emily Rios
197,Region foot rule,2015,Comedy,217674037.0,240681221,Daniel Evans,Brittany Webster
198,Safe their,2018,Romance,1855846568.0,76234714,Meghan Harding,Matthew Vega
199,Although full bad contain,2020,Comedy,308649425.0,280844531,Catherine Bush,Kristen Wilson
200,Feeling commercial,2017,Thriller,1194680218.0,185906301,Veronica Wallace,Heather Brewer
201,Leave movie,2017,Drama,1621096237.0,130368809,Catherine Bush,Diane Meza
202,Clearly court return,2023,Sci-Fi,1197764192.0,209530891,Craig Arnold,Michele Lucas MD
203,Whole blood,2016,Romance,410056171.0,?,James Lynch,Chad Porter
204,Sit food,2023,Comedy,1868180874.0,163772829,Mercedes Johnson,Jennifer Kim
205,Capital agency use forward,2022,Comedy,1512331529.0,129489829,Raymond Thompson,Michelle Jones
206,Firm central author,2019,Drama,1068894854.0,253055750,Amanda Frey,Derek Bradford
207,Certainly around,20a6,Thriller,561008139.0,225185520,John Kelly,Nancy Burns
208,Cultural international,2023,Thriller,725913779.0,263326452,Ricky Alvarado,Michelle Jones
209,Somebody themselves her,2017,Comedy,1049651318.0,292057504,Glen Peterson,Chad Porter
210,Collection picture,2015,Sci-Fi,1355421473.0,82083424,,Derek Bradford
211,Idea,2022,Thriller,15199924.0,221835680,,Amanda Olson
212,Suffer defense,2023,Horror,925648916.0,97243154,Nathan Mendez,Brittany Webster
213,Summer remember,2020,Drama,170692543.0,218984305,Andrew Park,James Kelly
214,Experience about,2016,Thriller,1396637701.0,51197700,David Holland,Melissa Landry
215,Blood,2016,Sci-Fi,1385927756.0,52196994,Victoria Cherry,Angela Pierce
216,Fact around,2015,Action,603096452.0,18664011,Amanda Frey,
217,Spring gas,2021,Action,1212091019.0,209926862,Tracy Keith,Holly Long
218,Even series through else,2016,Romance,743727619.0,?,Deborah Ali,Jennifer Duncan
219,Teach wrong,2020,Action,1683656813.0,264390725,Angela Parker,William Holder
220,Yes short,2021,Action,635322604.0,40463600,Alyssa Clark,Clinton Harris
221,Degree,2020,Action,662999324.0,145829757,Andrew Bennett,Richard Martinez
222,Stuff could,2016,Action,1191177974.0,?,Amanda Frey,Brandon Gallagher
223,Admit per,2016,Thriller,1944918462.0,131321399,Christina Reynolds,Sheryl Davis
224,Recent thought significant put,2022,Comedy,934460184.0,161928264,Deborah Ali,Brittany Webster
225,Task fish beyond,2018,Sci-Fi,655248075.0,?,Susan Molina,Mary Wilson
226,Ability,2017,Drama,1494128841.0,169675864,Ann Grimes,Rachel Hunt
227,Machine democratic on half,2018,Drama,1754408619.0,196966227,Julie Jackson,Terry Harrell
228,Best reality,2015,Thriller,1522206656.0,157407251,Deborah Ali,Sara Thompson
229,Week allow call,2019,Comedy,332020065.0,203395405,James Lynch,Andrea Anderson
230,Fire these religious everyone,2021,Romance,,289249207,Andrew Bennett,Brittany Webster
231,State us rate,2015,Romance,1455859819.0,179024623,Amy Gonzalez,Marvin Lee
232,About evening success,2023,Romance,1236308623.0,201853914,Raymond Thompson,Angela Pierce
233,Into,2015,Sci-Fi,894300427.0,47092944,Jason Nielsen,Jason Day
234,Summer so drop,2023,Sci-Fi,210643868.0,243905738,Catherine Bush,
235,Better always,20a7,Thriller,1719094560.0,131949766,Angela Parker,Kristen Wilson
236,Environment,2021,Thriller,1376417904.0,213376674,,Jennifer Kim
237,Art heart provide as,2015,Thriller,598740964.0,34588656,Tracy Keith,Richard Brooks
238,Probably series wrong,2022,Romance,674030204.0,211745458,Tiffany Lee,Michelle Jones
239,High,2019,Romance,1444345408.0,64276495,Patrick Simmons,Angela Pierce
240,World large,2017,Romance,399903030.0,289503299,Ricky Alvarado,Steven Hudson
241,Change meeting,2017,Comedy,969517215.0,193757686,Karen Williams,Nancy Burns
242,Meet put clear,2022,Sci-Fi,893559554.0,239291091,Andrew Bennett,Holly Long
243,Firm section over,20a6,Romance,1677626805.0,266919326,Patrick Simmons,Amanda Olson
244,Any happen size song,2020,Romance,90357916.0,237956878,Amy Gonzalez,Craig Parks
245,By budget situation,2015,Sci-Fi,1852559599.0,236723857,Patrick Simmons,Brittany Webster
246,Adult bring become,2020,Horror,1359864579.0,75751201,Craig Arnold,Denise Marsh
247,Store shake operation,2023,Comedy,1512943941.0,144528713,Chad Perkins,Denise Mccormick
248,Media force most,2021,Action,1862970518.0,72237861,Daniel Evans,Brittany Webster
249,Matter job,2022,Comedy,578065681.0,202419110,Jason Lopez,Jennifer Duncan
250,Interesting public,2019,Thriller,793574308.0,263016886,Mercedes Johnson,Matthew Vega
251,Eat,2020,Horror,1148667806.0,231662883,Karen Williams,Rachel Hunt
252,Blue month tend,2022,Horror,1466769095.0,25665422,Kimberly Lopez,
253,Police then garden,2022,Action,919692006.0,71820296,Catherine Bush,Amanda Olson
254,Baby several you,2016,Drama,1394526219.0,213784258,Jason Nielsen,James Kelly
255,Effort face,2016,Action,168372143.0,122435294,Sarah Mcconnell,
256,Imagine family,2021,Thriller,153102639.0,48959257,Nathan Mendez,Derek Bradford
257,Budget few attorney,2017,Thriller,307774627.0,?,Susan Molina,Richard Martinez
258,Could tree administration,2017,Sci-Fi,951012112.0,47540280,Anthony James MD,Carmen Kelly
259,Movie lay mind book,2021,Drama,533117198.0,46230686,James Lynch,Jennifer Martinez
260,Ahead third,2015,Horror,1881824574.0,278964446,John Kelly,Rachel Hunt
261,Past low,2018,Sci-Fi,518719123.0,39124279,Mercedes Johnson,Richard Brooks
262,Sure box,2021,Drama,372021422.0,40187196,,Jennifer White
263,Congress stock,2021,Romance,1531359290.0,224033352,Ann Grimes,Terry Harrell
264,Military point,2016,Drama,1978671081.0,84417462,Ann Grimes,Holly Long
265,Wall mean,2016,Drama,1568573678.0,129117474,Andrew Bennett,Mark Gross
266,Camera evening expert,2019,Thriller,1591551332.0,7799454,Mike Haas,
267,Article book company,2023,Horror,557728620.0,69145351,Samantha Jacobs DDS,Mark Gross
268,Lawyer,20a8,Drama,565680067.0,42376658,Chad Perkins,Matthew Holmes
269,Change possible,2017,Drama,1921426814.0,62919257,Chad Perkins,
270,Effort structure gun present,20a5,Sci-Fi,1977171462.0,19985674,Daniel Evans,Sara Thompson
271,Everything call color wish,2020,Drama,1228364140.0,270531176,Glen Peterson,Heather Brewer
272,Feel forward former,2016,Sci-Fi,1662137605.0,176718347,Kimberly Lopez,
273,Civil my,2019,Thriller,997274977.0,265870995,Raymond Thompson,Terry Harrell
274,Image tree stand,2015,Sci-Fi,,6151176,Mercedes Johnson,Nancy Burns
275,Which group,2016,Comedy,512461008.0,33155922,Alyssa Clark,Michele Lucas MD
275,Which group,2016,Comedy,512461008.0,33155922,Alyssa Clark,Michele Lucas MD
276,Name program amount,2023,Sci-Fi,800920426.0,46581639,Chad Perkins,Andrea Anderson
277,Daughter yeah me,2021,Thriller,509463429.0,170119120,Ann Grimes,Christina Vaughn
278,Change,2018,Action,293297961.0,59504344,Christina Reynolds,Richard Brooks
279,Fill edge,2018,Sci-Fi,570100181.0,49544344,Melanie Gonzalez,Janet Miller
280,That off off,20a7,Comedy,534045785.0,213732125,Melanie Gonzalez,Steven Hudson
280,That off off,20a7,Comedy,534045785.0,213732125,Melanie Gonzalez,Steven Hudson
281,Professor perform hundred,2022,Romance,537554447.0,?,Anthony James MD,Melissa Landry
282,Look social rest,2017,Comedy,800378763.0,46118323,Laurie Austin,Chad Porter
282,Look social rest,2017,Comedy,800378763.0,46118323,Laurie Austin,Chad Porter
283,Attorney identify if,2022,Horror,1944640130.0,178999494,Kimberly Lopez,Denise Marsh
284,Whether stand site,2022,Action,917254010.0,116274829,Samantha Jacobs DDS,Diane Meza
284,Whether stand site,2022,Action,917254010.0,116274829,Samantha Jacobs DDS,Diane Meza
285,End realize interesting,2018,Thriller,885746512.0,258177772,Samantha Jacobs DDS,Sara Thompson
286,Into pretty put,2023,Comedy,1723642834.0,11485078,Daniel Evans,Terry Harrell
287,Whom decade however,2023,Drama,387151648.0,?,Raymond Reynolds,Jennifer Duncan
288,Change win marriage walk,2022,Romance,1255106645.0,86697919,Veronica Wallace,Terry Harrell
289,Series miss Mrs,2015,Horror,472182787.0,209532754,Bryan Livingston,Carmen Kelly
290,Structure word financial newspaper,2020,Romance,,77290586,John Kelly,Matthew Holmes
291,Build sit,2015,Action,1293061002.0,283634895,Michael Davis,Jennifer Kim
292,House mission,2017,Horror,695901692.0,?,Daniel Evans,Jennifer Duncan
293,Consider morning concern,2020,Action,1422933866.0,55241233,Amanda Frey,Sheryl Davis
294,Run need it none,2022,Thriller,1519663749.0,192569257,Matthew Lyons,Nancy Burns
295,Yourself,2017,Comedy,1508551650.0,211239413,Raymond Thompson,John Davis
296,Far opportunity chance,2018,Thriller,1066549306.0,42772121,Amanda Frey,Michele Lucas MD
297,Method always student,2020,Sci-Fi,,37397045,Nathan Mendez,Melissa Landry
298,Player indeed,2017,Sci-Fi,814279070.0,202513192,David Peters,Denise Marsh
299,Laugh establish,2017,Sci-Fi,1817261116.0,?,,Marvin Lee
300,Owner go black,2021,Comedy,1175772893.0,50985196,Susan Molina,Janet Miller
300,Owner go black,2021,Comedy,1175772893.0,50985196,Susan Molina,Janet Miller
301,Keep north car,2017,Romance,338377804.0,?,John Kelly,Kristen Wilson
302,Stay big focus,2019,Thriller,511131061.0,?,Angela Parker,Diane Meza
303,Environment support trial,20a5,Drama,1343372592.0,108199595,Craig Arnold,Rachel Hunt
304,Law degree,2016,Drama,1012345510.0,143273154,Tracy Keith,Derek Bradford
305,Summer east,2022,Action,999704365.0,145183123,Alyssa Clark,Catherine Good
306,Enjoy,2023,Sci-Fi,1267427899.0,33740399,Gerald Johnson,Terry Harrell
307,Forget performance nor,2018,Sci-Fi,848835917.0,19644718,Gerald Johnson,Denise Mccormick
308,Address,2022,Comedy,359983646.0,104469029,Amy Gonzalez,Denise Mccormick
309,Along senior fact arm,2017,Horror,687656795.0,36976768,Angela Parker,Richard Brooks
310,Lose produce,2015,Horror,1262810037.0,226267724,Alyssa Clark,Carmen Kelly
311,Yet figure effort,2016,Action,217875313.0,288566032,Leslie Durham,Craig Parks
312,Way section by,2015,Comedy,309921256.0,216671730,,Mary Wilson
313,New training face apply,20a8,Drama,44449805.0,163701390,Karen Williams,Denise Mccormick
314,Factor something,2017,Drama,952572795.0,173264864,Leslie Durham,Michele Lucas MD
315,Section what fish,2021,Thriller,1110178336.0,31175271,Christina Reynolds,Janet Miller
316,Economic,2023,Romance,,108764366,Andrew Park,
317,Call,2018,Drama,997901552.0,67503733,Andrew Park,Jennifer Martinez
318,Mother available,2022,Romance,740269113.0,139866988,Mike Haas,Justin Cameron
319,Sell each,2018,Horror,484424418.0,145463145,Chad Perkins,
320,Security those,2015,Sci-Fi,1391219833.0,5543931,James Lynch,Jason Day
321,Guess how,2019,Sci-Fi,1829767380.0,136290779,Catherine Bush,Emily Rios
322,Begin already staff,2023,Thriller,1803551428.0,152760995,Nathan Mendez,Mary Wilson
323,Without quality specific,2019,Drama,1917358130.0,102125050,Joseph Davila,Melissa Landry
324,Garden once many,2021,Thriller,301496326.0,268025000,Laurie Austin,Andrea Anderson
325,Run seven federal vote,20a9,Horror,1561253972.0,288030032,David Peters,Catherine Good
326,All,2017,Horror,1199828557.0,53400246,Patricia Collins,Kristen Wilson
327,Law according,2020,Thriller,763965293.0,165865149,Michael Davis,Carmen Kelly
328,Enough table financial,2022,Action,1254216957.0,39233657,John Kelly,Denise Mccormick
329,Southern answer feel challenge,2015,Horror,295989633.0,184969494,Julie Jackson,Michelle Jones
330,Side best of,2017,Horror,715316291.0,95931807,Glen Peterson,
331,Despite,2017,Romance,1052358785.0,48266839,Amy Gonzalez,Andrea Anderson
332,Page establish,2015,Action,1570078412.0,8557594,Joseph Davila,Jennifer Kim
332,Page establish,2015,Action,1570078412.0,8557594,Joseph Davila,Jennifer Kim
333,Everyone game bag,20a6,Comedy,740485504.0,56141056,Matthew Lyons,Chad Porter
334,Generation stock happy,2019,Sci-Fi,1281694643.0,233822246,Anthony James MD,Matthew Holmes
335,Paper sing too,2021,Action,1562583154.0,114381891,Matthew Lyons,Mark Gross
336,Everybody line state,2015,Sci-Fi,550303066.0,27084925,Glen Peterson,Craig Parks
337,Use relationship recent,20a5,Sci-Fi,266418383.0,255689592,Craig Arnold,Clinton Harris
337,Use relationship recent,20a5,Sci-Fi,266418383.0,255689592,Craig Arnold,Clinton Harris
338,Forget,2016,Thriller,1338448032.0,74639105,Nathan Mendez,Emily Rios
339,Character commercial,2016,Sci-Fi,429958533.0,281861925,Tiffany Lee,Rachel Hunt
340,Talk task long,2018,Thriller,710965864.0,7844780,Patrick Simmons,Catherine Good
341,Summer conference institution,2023,Action,218519645.0,125103233,Meghan Harding,Melissa Landry
342,Performance exist but,2015,Horror,1722414519.0,229704434,Nathan Mendez,John Davis
342,Performance exist but,2015,Horror,1722414519.0,229704434,Nathan Mendez,John Davis
343,Along role,2017,Drama,940984766.0,145047510,Andrew Bennett,Mary Wilson
344,Factor hand,2022,Drama,1482554189.0,227419841,Christina Reynolds,Angela Pierce
345,Painting continue which,2017,Action,1269626619.0,236236866,David Holland,Emily Rios
345,Painting continue which,2017,Action,1269626619.0,236236866,David Holland,Emily Rios
346,Interest medical star,2017,Sci-Fi,243531384.0,237592505,,Richard Brooks
346,Interest medical star,2017,Sci-Fi,243531384.0,237592505,,Richard Brooks
347,Television fly final bill,2023,Horror,1555291843.0,182623774,Mike Haas,Marvin Lee
348,Wife traditional,2022,Drama,1378405576.0,30294961,,Christina Simmons
349,Book word leave,2017,Action,689555884.0,150334473,Thomas Lee,Nancy Burns
350,Newspaper lose cultural,2022,Sci-Fi,963284389.0,?,Amanda Frey,Matthew Holmes
351,Could white,20a8,Sci-Fi,,49799175,Susan Molina,Christina Simmons
352,Second alone only ahead,2022,Drama,117555130.0,244986344,Raymond Thompson,Brenda Morgan
353,Walk day,2022,Action,1415999004.0,184264707,Jason Lopez,Rachel Hunt
354,Boy between,2016,Action,1058468505.0,220693353,Susan Molina,Mark Gross
355,Kitchen after training,2022,Horror,1540290332.0,223517075,,Denise Mccormick
356,Commercial exist staff,2022,Sci-Fi,1083756052.0,268806588,,Kristen Wilson
357,Go instead painting,2022,Romance,1955599860.0,94227776,Anthony James MD,Catherine Good
358,Leader radio example smile,2023,Sci-Fi,1308803989.0,134272186,Michael Davis,Richard Martinez
359,Most cup,2023,Drama,1177404365.0,298201838,John Kelly,Janet Miller
360,Ever final,2017,Thriller,382849865.0,174077193,Joseph Davila,Brenda Morgan
361,Benefit foot,2021,Thriller,1807869772.0,227766955,Gerald Johnson,Nancy Burns
362,Quite,2018,Drama,346606114.0,135518916,Glen Peterson,Rachel Hunt
363,Half young within,2020,Horror,1324083639.0,121424111,Angela Parker,Christina Simmons
364,Agree wide easy,2019,Thriller,1990610982.0,224642294,Melanie Gonzalez,Kristen Wilson
365,Each director,2018,Romance,1848791002.0,122090426,Daniel Evans,Derek Bradford
366,Behind finish first,2018,Horror,416533174.0,96254800,Deborah Ali,Steven Hudson
367,Stand left,2015,Sci-Fi,568450217.0,137910754,,Diane Meza
367,Stand left,2015,Sci-Fi,568450217.0,137910754,,Diane Meza
368,Chance better represent,2015,Horror,1323009566.0,162681262,Julie Jackson,Chad Porter
369,Relate sister new thought,2018,Comedy,1689476709.0,224301384,Ann Grimes,James Kelly
370,Hot mother candidate,2020,Drama,1617315789.0,255937010,Joseph Davila,Brandon Gallagher
371,Author best,2018,Thriller,1334870175.0,22408935,Amanda Frey,Mark Gross
372,Technology party spring,2019,Action,1766465761.0,277117574,Sarah Mcconnell,Rachel Hunt
373,Risk specific treat,2023,Action,360477607.0,289823037,Jason Lopez,Catherine Good
374,Event piece,2021,Horror,1155818377.0,234666494,Deborah Ali,Diane Meza
374,Event piece,2021,Horror,1155818377.0,234666494,Deborah Ali,Diane Meza
375,Around need,2015,Action,383235255.0,38818308,Thomas Lee,Sara Thompson
376,Deep past,2021,Drama,,288137018,,Chad Porter
377,Imagine particularly sport whether,2016,Drama,228924342.0,162786429,Meghan Harding,Richard Martinez
378,Method identify new,2015,Sci-Fi,473158054.0,210912534,Tracy Keith,Clinton Harris
379,Inside,2020,Action,1193003203.0,23426784,,Terry Harrell
380,Property house statement,2018,Thriller,1559938580.0,222542194,Chad Perkins,Steven Hudson
381,Road might good,2018,Action,1718256888.0,30199497,Angela Parker,Kristen Wilson
382,Direction still break,2019,Action,1247819672.0,178624240,Veronica Wallace,Marvin Lee
383,Name activity company religious,2018,Drama,706117824.0,165108279,Alyssa Clark,Derek Bradford
384,Defense trade,2017,Action,1688192254.0,235142326,Richard Everett,Matthew Vega
385,Raise tough for,2022,Drama,1046763085.0,95365887,Andrew Bennett,Mr. Brent Bryan
386,Two list,2016,Thriller,41008245.0,17747273,Matthew Lyons,Carmen Kelly
387,Throughout by,20a7,Romance,1159947785.0,80796726,Thomas Lee,Carmen Kelly
388,Full gas,2022,Romance,853089644.0,6686365,Susan Molina,Holly Long
389,Blood cultural Mr,2017,Romance,1417079281.0,79490018,David Peters,John Davis
390,Cup certain hundred,2016,Drama,92930416.0,279037515,Richard Everett,Michelle Jones
391,Mr space,20a7,Action,1120639779.0,147831677,Laurie Austin,Denise Marsh
392,Beat color really,2020,Romance,1795156175.0,?,Thomas Lee,Joshua Martin
393,Task whose tell,2022,Romance,,237168817,Deborah Ali,Amanda Olson
394,Other even,2020,Romance,255112211.0,223594024,Jason Nielsen,Denise Mccormick
395,Special level,2017,Thriller,49202508.0,69657796,Christina Reynolds,Christina Simmons
395,Special level,2017,Thriller,49202508.0,69657796,Christina Reynolds,Christina Simmons
396,Republican room,2015,Comedy,387627675.0,218677703,Julie Jackson,Matthew Vega
397,Nor,2016,Comedy,1013352686.0,92572345,Leslie Durham,Carmen Kelly
398,Effort,2023,Drama,1473295814.0,244454928,Deborah Ali,Nancy Burns
399,Ability leave,20a9,Horror,1470668732.0,81295055,Bryan Livingston,Emily Rios
400,Concern hotel,2023,Romance,201123927.0,70969763,Tracy Keith,Jennifer Duncan
